年份,key,SSI,城市,实际产量,趋势产量,距平,减产率%
2016,三门峡,0.027619322964354702,三门峡市,33.14,33.69755555555605,-0.5575555555560499,-1.6545875401461283
2017,三门峡,0.10367211185233749,三门峡市,34.15,33.97205555555604,0.17794444444395907,0.523796519032999
2018,三门峡,1.0912761970868576,三门峡市,35.3,34.246555555555915,1.0534444444440823,3.076059555055542
2019,三门峡,-0.8514244805859483,三门峡市,32.78,34.521055555555904,-1.7410555555559029,-5.0434597886323695
2020,三门峡,-0.4544341571467078,三门峡市,35.55,34.79555555555589,0.7544444444441041,2.1682207178429147
2021,三门峡,0.8934300363711689,三门峡市,35.93,35.07005555555588,0.8599444444441176,2.4520760826336447
2022,三门峡,-0.41970357070069597,三门峡市,35.93,35.34455555555587,0.5854444444441285,1.656392152177173
2023,三门峡,1.1408263786250483,三门峡市,34.45,35.61905555555586,-1.1690555555558575,-3.282107111830786
2024,三门峡,0.3302651158250544,三门峡市,35.93,35.89355555555585,0.03644444444415029,0.10153478494974336
2025,三门峡,-1.86152801565502,三门峡市,,,,
2016,信阳,0.7093383951287251,信阳市,150.0,148.01355555555597,1.9864444444440323,1.342069269931451
2017,信阳,0.3384217415132298,信阳市,147.73,148.19488888888924,-0.4648888888892486,-0.3137010273261207
2018,信阳,0.7090428443430028,信阳市,144.9,148.37622222222245,-3.4762222222224466,-2.342843192904671
2019,信阳,-0.5656262260454241,信阳市,147.62,148.55755555555572,-0.9375555555557185,-0.6311059387384056
2020,信阳,-1.0571933616884053,信阳市,150.87,148.738888888889,2.131111111111011,1.4327867627833328
2021,信阳,1.386491173878312,信阳市,150.09,148.92022222222226,1.169777777777739,0.7855063337416788
2022,信阳,-0.608774467233161,信阳市,151.01,149.10155555555548,1.9084444444445126,1.279962799404479
2023,信阳,0.03873852631659247,信阳市,146.34,149.28288888888875,-2.9428888888887457,-1.9713504412948075
2024,信阳,0.2713293172419071,信阳市,150.09,149.46422222222202,0.6257777777779836,0.41868065044193853
2025,信阳,-1.2217695978470147,信阳市,,,,
2016,南阳,-0.002279621171150005,南阳市,386.41,404.5124444444473,-18.102444444447258,-4.475126709465996
2017,南阳,0.42445470629927684,南阳市,416.81,407.1579444444469,9.65205555555309,2.3705924659588775
2018,南阳,0.8838010303816706,南阳市,407.3,409.80344444444745,-2.503444444447439,-0.6108890684999607
2019,南阳,-0.7434744699682407,南阳市,415.81,412.4489444444471,3.361055555552923,0.814902208097571
2020,南阳,-1.046908031657057,南阳市,422.84,415.0944444444476,7.745555555552357,1.8659742762683376
2021,南阳,1.4092519938383463,南阳市,433.57,417.73994444444725,15.830055555552747,3.7894522097007397
2022,南阳,-0.07942497031763196,南阳市,431.57,420.3854444444478,11.184555555552208,2.660547767140925
2023,南阳,0.366840771487299,南阳市,397.66,423.0309444444474,-25.37094444444739,-5.997420467140108
2024,南阳,0.1857871520772295,南阳市,423.88,425.67644444444795,-1.7964444444479568,-0.42202110732072656
2025,南阳,-1.3980497318794423,南阳市,,,,
2016,周口,0.4887096919202512,周口市,507.15,529.8006666666665,-22.650666666666552,-4.27531864185396
2017,周口,0.3285052502594356,周口市,544.06,531.5905000000002,12.469499999999698,2.345696546495788
2018,周口,1.170904847859804,周口市,530.2,533.380333333334,-3.1803333333339197,-0.5962599545916109
2019,周口,-0.6564913805757117,周口市,548.27,535.1701666666677,13.099833333332299,2.447788413716187
2020,周口,-0.7154970914125443,周口市,548.27,536.960000000001,11.309999999999036,2.1063021454110205
2021,周口,1.0839748957327433,周口市,544.06,538.7498333333347,5.310166666665282,0.9856460899134575
2022,周口,-1.0511865464172192,周口市,550.58,540.5396666666684,10.04033333333166,1.857464669567567
2023,周口,1.156784507312945,周口市,508.58,542.3295000000021,-33.749500000002115,-6.223061810209842
2024,周口,-0.820232649965744,周口市,551.47,544.1193333333358,7.35066666666421,1.3509291466695745
2025,周口,-0.9854737142367023,周口市,,,,
2016,商丘,0.33136026794090867,商丘市,425.28,429.91822222222663,-4.638222222226659,-1.0788615095801037
2017,商丘,0.23616418302602446,商丘市,435.05,432.0158888888923,3.034111111107734,0.7023147039594323
2018,商丘,1.137505658281346,商丘市,427.17,434.11355555555883,-6.943555555558817,-1.5994790917488788
2019,商丘,-0.2968339315945438,商丘市,434.41,436.2112222222254,-1.8012222222253627,-0.41292431979380395
2020,商丘,-0.4851898259172837,商丘市,447.38,438.30888888889194,9.071111111108053,2.069570419642462
2021,商丘,0.7552309283346403,商丘市,452.18,440.4065555555585,11.773444444441509,2.6733127143372544
2022,商丘,-1.2007203909258048,商丘市,453.41,442.50422222222505,10.905777777774972,2.4645590324555378
2023,商丘,1.591234450538953,商丘市,417.72,444.6018888888916,-26.88188888889158,-6.046283104210902
2024,商丘,-1.0620519577835996,商丘市,452.18,446.69955555555816,5.480444444441844,1.2268748370760836
2025,商丘,-1.0067019344617922,商丘市,,,,
2016,安阳,-0.3061301431793254,安阳市,206.3,204.79222222222268,1.507777777777335,0.7362475788466349
2017,安阳,0.44650953277014194,安阳市,208.48,205.0697222222227,3.4102777777772815,1.6629845404880161
2018,安阳,1.2481550000607968,安阳市,200.7,205.34722222222263,-4.647222222222638,-2.2631044978020243
2019,安阳,-0.4547425125259906,安阳市,206.41,205.62472222222254,0.785277777777452,0.3818985233345567
2020,安阳,-0.2356222404865548,安阳市,207.28,205.90222222222246,1.3777777777775384,0.6691417717146128
2021,安阳,-0.2773417258518748,安阳市,204.66,206.1797222222225,-1.519722222222498,-0.7370861721234288
2022,安阳,-0.5848079201765358,安阳市,200.32,206.4572222222224,-6.1372222222224195,-2.972636246949286
2023,安阳,1.8711291030049324,安阳市,206.08,206.73472222222233,-0.6547222222223184,-0.3166967866764768
2024,安阳,-0.9419409240595996,安阳市,212.89,207.01222222222225,5.877777777777737,2.8393385253688526
2025,安阳,-0.7652099998667836,安阳市,,,,
2016,平顶山,0.05640376908704638,平顶山市,110.71,112.1511111111131,-1.441111111113102,-1.2849726559421504
2017,平顶山,0.555408682152629,平顶山市,115.16,113.27694444444614,1.8830555555538524,1.662346706815834
2018,平顶山,0.9611474139988423,平顶山市,113.97,114.40277777777919,-0.4327777777791937,-0.37829306786574673
2019,平顶山,-0.9617474773526191,平顶山市,110.5,115.5286111111127,-5.028611111112696,-4.352697624206956
2020,平顶山,-0.7864405280351638,平顶山市,120.73,116.65444444444574,4.07555555555426,3.4936993399297003
2021,平顶山,0.8825710232555867,平顶山市,120.93,117.78027777777879,3.1497222222212145,2.6742356883925282
2022,平顶山,-0.5542196793854237,平顶山市,121.96,118.9061111111123,3.0538888888876983,2.5683195424951535
2023,平顶山,1.1360270035266877,平顶山市,114.26,120.03194444444534,-5.771944444445339,-4.808673616977671
2024,平顶山,0.17926617205142975,平顶山市,121.67,121.15777777777839,0.5122222222216095,0.4227728765057925
2025,平顶山,-1.4684184455871583,平顶山市,,,,
2016,开封,0.23650260274543575,开封市,185.14,188.55044444444405,-3.4104444444440674,-1.8087703025536739
2017,开封,0.441868296138158,开封市,189.54,188.53061111111077,1.0093888888892195,0.5353978767375526
2018,开封,1.1725426653498097,开封市,181.62,188.51077777777752,-6.890777777777515,-3.655376026245344
2019,开封,-0.5695619953943318,开封市,190.87,188.49094444444427,2.3790555555557376,1.2621590721865896
2020,开封,-0.5145384367359312,开封市,194.2,188.471111111111,5.728888888889003,3.0396641984625443
2021,开封,0.2004301926782845,开封市,197.89,188.45127777777773,9.438722222222253,5.008574276345539
2022,开封,-1.0688054749840183,开封市,192.62,188.43144444444448,4.188555555555524,2.2228538171560017
2023,开封,1.9622733781212254,开封市,178.47,188.4116111111112,-9.9416111111112,-5.276538453486487
2024,开封,-0.9622466368110556,开封市,185.89,188.39177777777795,-2.50177777777796,-1.3279654809187014
2025,开封,-0.8984677281818891,开封市,,,,
2016,新乡,-0.17954780946352653,新乡市,248.96,260.0540000000037,-11.094000000003717,-4.266037053844031
2017,新乡,0.36078737183873144,新乡市,270.11,262.87966666667035,7.230333333329668,2.7504346094967027
2018,新乡,1.6170545660314106,新乡市,259.6,265.70533333333697,-6.105333333336944,-2.297783509553262
2019,新乡,-0.6225808751325876,新乡市,272.99,268.5310000000036,4.458999999996422,1.660515918086315
2020,新乡,-0.08103071601085719,新乡市,279.15,271.3566666666702,7.79333333332977,2.871988895302493
2021,新乡,-0.4476030779048978,新乡市,282.73,274.1823333333368,8.54766666666319,3.117511826070637
2022,新乡,-0.8116455565960634,新乡市,282.02,277.00800000000345,5.011999999996533,1.8093340264528353
2023,新乡,1.6702473844800676,新乡市,265.47,279.83366666667007,-14.363666666670042,-5.13293015732079
2024,新乡,-0.6225776769930408,新乡市,281.18,282.6593333333367,-1.4793333333366832,-0.5233626344091471
2025,新乡,-0.8831055987448919,新乡市,,,,
2016,洛阳,-0.06201596829132774,洛阳市,114.32,118.48711111111129,-4.167111111111296,-3.5169319869767
2017,洛阳,0.17663636604228464,洛阳市,119.54,118.88311111111136,0.6568888888886448,0.552550217393536
2018,洛阳,1.096196754095264,洛阳市,118.25,119.27911111111143,-1.0291111111114333,-0.8627756373475913
2019,洛阳,-0.8300463637480369,洛阳市,119.18,119.6751111111115,-0.4951111111114983,-0.4137126813709961
2020,洛阳,-0.5005184117083749,洛阳市,130.17,120.07111111111158,10.09888888888841,8.410756588687754
2021,洛阳,0.6773751074066147,洛阳市,122.57,120.46711111111165,2.1028888888883444,1.745612449317196
2022,洛阳,-0.5133710683633884,洛阳市,119.52,120.86311111111172,-1.3431111111117247,-1.1112663729770926
2023,洛阳,1.1982437223912432,洛阳市,114.63,121.25911111111179,-6.629111111111797,-5.466897332801186
2024,洛阳,0.46529818759658015,洛阳市,122.46,121.65511111111186,0.8048888888881294,0.6616153497677514
2025,洛阳,-1.7077998977441053,洛阳市,,,,
2016,济源,-0.3067742033745162,济源示范区,11.57,11.679555555555908,-0.10955555555590735,-0.9380113398560983
2017,济源,-0.25704181380569935,济源示范区,12.03,11.892722222222574,0.13727777777742567,1.1543007161212455
2018,济源,1.4118067473173141,济源示范区,11.76,12.10588888888924,-0.34588888888923996,-2.8571953044001264
2019,济源,-0.4538342375308275,济源示范区,12.21,12.319055555555849,-0.10905555555584812,-0.885259061167757
2020,济源,-0.25921003776602447,济源示范区,12.87,12.532222222222515,0.3377777777774842,2.695274403756793
2021,济源,0.32524682907387614,济源示范区,13.17,12.745388888889124,0.4246111111108757,3.3314880762958374
2022,济源,-0.7352965865284204,济源示范区,13.19,12.95855555555579,0.2314444444442092,1.7860358236067506
2023,济源,1.5449530184268951,济源示范区,12.62,13.171722222222456,-0.5517222222224571,-4.1886870442168
2024,济源,0.3151819370687008,济源示范区,13.37,13.384888888889066,-0.014888888889066365,-0.11123655200026192
2025,济源,-1.585034504532814,济源示范区,,,,
2016,漯河,0.16521485609171743,漯河市,103.41,105.15377777777962,-1.743777777779627,-1.658312059377205
2017,漯河,0.5882882828062231,漯河市,106.25,106.0631111111129,0.18688888888709698,0.1762053620049954
2018,漯河,0.8934776403687217,漯河市,104.1,106.97244444444596,-2.8724444444459607,-2.6852190387569466
2019,漯河,-0.9086765091527592,漯河市,110.6,107.88177777777923,2.71822222222076,2.5196305420734744
2020,漯河,-0.8076305795799602,漯河市,110.69,108.79111111111251,1.898888888887484,1.745444889287027
2021,漯河,1.1301455131985925,漯河市,113.23,109.7004444444458,3.529555555554211,3.2174487290629337
2022,漯河,-0.9477826140143655,漯河市,112.58,110.60977777777907,1.9702222222209258,1.7812369410769517
2023,漯河,1.3303659422831102,漯河市,105.68,111.51911111111235,-5.839111111112345,-5.235973505289628
2024,漯河,-0.40090067430653353,漯河市,112.58,112.42844444444563,0.15155555555436706,0.13480178997696204
2025,漯河,-1.0425050827589901,漯河市,,,,
2016,濮阳,0.23717926753063998,濮阳市,154.79,160.67911111111334,-5.889111111113351,-3.665137969951112
2017,濮阳,0.6368803626133336,濮阳市,171.89,162.3054444444465,9.584555555553493,5.9052581928846335
2018,濮阳,1.0362835658921137,濮阳市,159.1,163.93177777777964,-4.831777777779649,-2.947432061847974
2019,濮阳,-0.7081077307359211,濮阳市,165.34,165.55811111111325,-0.21811111111324522,-0.13174293282849872
2020,濮阳,-0.31562609209989506,濮阳市,166.92,167.1844444444464,-0.26444444444641135,-0.15817526883267144
2021,濮阳,-0.1589405777501977,濮阳市,171.63,168.81077777777955,2.8192222222204464,1.6700487133183146
2022,濮阳,-0.8397942284742991,濮阳市,171.91,170.43711111111315,1.4728888888868426,0.8641832047520575
2023,濮阳,1.9647066791852315,濮阳市,171.82,172.0634444444463,-0.24344444444631108,-0.14148527900992436
2024,濮阳,-1.2321163184112973,濮阳市,171.26,173.68977777777945,-2.4297777777794636,-1.3989181222214164
2025,濮阳,-0.6204673250516256,濮阳市,,,,
2016,焦作,-0.2176786632850193,焦作市,112.53,113.26577777777817,-0.7357777777781678,-0.6496029005528282
2017,焦作,0.043947204714640975,焦作市,114.89,113.55127777777813,1.3387222222218753,1.1789583071374843
2018,焦作,1.475146322296216,焦作市,111.19,113.83677777777808,-2.646777777778084,-2.3250638584877072
2019,焦作,-0.6304599307477474,焦作市,115.22,114.12227777777804,1.097722222221961,0.9618825032212159
2020,焦作,-0.06428496066767436,焦作市,116.35,114.40777777777811,1.9422222222218863,1.6976312799243376
2021,焦作,-0.3675604011290349,焦作市,115.05,114.69327777777806,0.35672222222193284,0.31102278105007486
2022,焦作,-0.8267848606293018,焦作市,116.22,114.97877777777802,1.2412222222219782,1.0795228877984033
2023,焦作,1.5265058084176137,焦作市,110.85,115.26427777777798,-4.414277777777983,-3.8297015023929815
2024,焦作,0.2570654537815314,焦作市,117.37,115.54977777777793,1.8202222222220712,1.575271071245737
2025,焦作,-1.1958975539757655,焦作市,,,,
2016,许昌,0.33222664169604993,许昌市,157.48,163.79600000000073,-6.3160000000007415,-3.856016019927662
2017,许昌,0.5017579735981094,许昌市,166.57,164.5670000000007,2.002999999999304,1.2171334471669868
2018,许昌,1.0467530387557216,许昌市,165.54,165.33800000000087,0.2019999999991171,0.12217397089544814
2019,许昌,-0.9975444529619482,许昌市,168.8,166.10900000000083,2.6909999999991783,1.6200205888899244
2020,许昌,-0.6152584552764893,许昌市,170.04,166.88000000000102,3.1599999999989734,1.893576222434656
2021,许昌,0.5850152500594655,许昌市,171.73,167.65100000000098,4.078999999999013,2.433030521738009
2022,许昌,-1.0265033236808248,许昌市,171.75,168.42200000000093,3.327999999999065,1.9759888850619554
2023,许昌,1.47671497033702,许昌市,159.5,169.19300000000112,-9.69300000000112,-5.72896041798482
2024,许昌,-0.15225174309064946,许昌市,170.51,169.96400000000108,0.5459999999989122,0.32124449883440537
2025,许昌,-1.1509130746126175,许昌市,,,,
2016,郑州,0.29966794362291693,郑州市,81.8,79.93222222222039,1.867777777779608,2.336701928024696
2017,郑州,0.3366315171401948,郑州市,79.7,78.60555555555356,1.094444444446438,1.3923245459068758
2018,郑州,1.0986271438002586,郑州市,78.75,77.2788888888872,1.4711111111128048,1.9036390562343508
2019,郑州,-0.8775160092115403,郑州市,76.03,75.95222222222083,0.0777777777791755,0.10240355779402144
2020,郑州,-0.41107143137603996,郑州市,71.18,74.625555555554,-3.4455555555539945,-4.617125500645682
2021,郑州,-0.03798787056468427,郑州市,70.63,73.29888888888718,-2.6688888888871816,-3.6411041549796415
2022,郑州,-0.9271570265293121,郑州市,68.15,71.97222222222081,-3.8222222222208018,-5.310690852950659
2023,郑州,1.7240720450878144,郑州市,68.26,70.64555555555444,-2.3855555555544328,-3.376794954465993
2024,郑州,-0.003908427059650421,郑州市,77.13,69.31888888888761,7.811111111112382,11.268373218781594
2025,郑州,-1.2013605165481567,郑州市,,,,
2016,驻马店,0.3968288747250642,驻马店市,469.46,493.5606666666681,-24.100666666668133,-4.883020121809016
2017,驻马店,0.45169503662098004,驻马店市,507.53,495.6271666666689,11.902833333331046,2.401569997339598
2018,驻马店,0.607054215496311,驻马店市,504.06,497.69366666666883,6.36633333333117,1.2791670378226918
2019,驻马店,-0.8240820002791128,驻马店市,507.53,499.76016666666965,7.769833333330325,1.5547124103855707
2020,驻马店,-1.1597760437350524,驻马店市,508.91,501.82666666666955,7.083333333330472,1.4115099503142716
2021,驻马店,1.5668406541410245,驻马店市,507.18,503.89316666666946,3.2868333333305486,0.6522877369172229
2022,驻马店,-0.3047576769634983,驻马店市,519.11,505.9596666666703,13.15033333332974,2.5990872790248063
2023,驻马店,0.45269409981311154,驻马店市,475.97,508.0261666666702,-32.05616666667015,-6.309944008790216
2024,驻马店,-0.04386450722813606,驻马店市,516.69,510.092666666671,6.597333333329061,1.293359768616357
2025,驻马店,-1.1426345978030248,驻马店市,,,,
2016,鹤壁,-0.45036735344264245,鹤壁市,63.84,61.64666666666835,2.193333333331651,3.557910673729195
2017,鹤壁,0.4169093417003751,鹤壁市,65.35,62.61083333333477,2.739166666665227,4.374908495598735
2018,鹤壁,1.4552747706572216,鹤壁市,60.6,63.57500000000118,-2.975000000001181,-4.679512386946324
2019,鹤壁,-0.5474628691251079,鹤壁市,56.49,64.53916666666782,-8.049166666667823,-12.471754877530717
2020,鹤壁,-0.15099499540196526,鹤壁市,67.95,65.50333333333424,2.446666666665763,3.735178871302828
2021,鹤壁,-0.47472093337112004,鹤壁市,69.41,66.46750000000065,2.9424999999993418,4.426975589572818
2022,鹤壁,-0.6001421962347295,鹤壁市,69.29,67.43166666666707,1.8583333333329364,2.755876319236153
2023,鹤壁,1.8696446352534823,鹤壁市,67.44,68.39583333333371,-0.9558333333337146,-1.3975022844964375
2024,鹤壁,-0.8363077990296814,鹤壁市,69.16,69.36000000000013,-0.20000000000013074,-0.2883506343715836
2025,鹤壁,-0.6818346323238479,鹤壁市,,,,
