城市,key,有效年数,Pearson_r,p值,显著性(p<0.05),轻度平均减产率%,轻度样本,中度平均减产率%,中度样本,重度平均减产率%,重度样本,备注
三门峡市,三门峡,9,0.26810462342884633,0.4854887471419501,不显著,-5.0434597886323695,1,,0,,0,
信阳市,信阳,9,-0.18555212121874848,0.6326744083449357,不显著,0.32442843033303675,2,1.4327867627833328,1,,0,
南阳市,南阳,9,0.03721276525805562,0.9242782058255644,不显著,0.814902208097571,1,1.8659742762683376,1,,0,
周口市,周口,9,-0.6157565252196211,0.07749065201643103,不显著,1.9683399019322607,3,1.857464669567567,1,,0,
商丘市,商丘,9,-0.70403030368882,0.03426550710625365,显著,,0,1.8457169347658107,2,,0,
安阳市,安阳,9,-0.2936535090504987,0.4431118093777251,不显著,-0.0666488607902167,2,,0,,0,
平顶山市,平顶山,9,-0.1433969336499672,0.7128337018775078,不显著,0.5697737527392991,3,,0,,0,
开封市,开封,9,-0.647420612995174,0.059414501060470575,不显著,0.9912859299101443,3,2.2228538171560017,1,,0,
新乡市,新乡,9,-0.6065166572809011,0.08333894587097725,不显著,0.9821624367100009,3,,0,,0,
洛阳市,洛阳,9,-0.4025911211092213,0.2827020147818668,不显著,2.2952591781132217,3,,0,,0,
济源示范区,济源,9,-0.6832070123322773,0.042495680865344526,显著,1.7860358236067506,1,,0,,0,
漯河市,漯河,9,-0.5668129062495687,0.11151988848613856,不显著,2.0154374574791514,3,,0,,0,
濮阳市,濮阳,9,0.020826587653903217,0.9575877567204016,不显著,0.3662201359617794,2,-1.3989181222214164,1,,0,
焦作市,焦作,9,-0.803588804230338,0.009070678543931213,显著,1.0207026955098097,2,,0,,0,
许昌市,许昌,9,-0.6171781381191214,0.07661418628727945,不显著,1.7567984056622903,2,1.9759888850619554,1,,0,
郑州市,郑州,9,0.13360931555449185,0.7318299849099613,不显著,-2.6041436475783186,2,,0,,0,
驻马店市,驻马店,9,-0.26766253700043163,0.4862363760426446,不显著,1.5547124103855707,1,1.4115099503142716,1,,0,
鹤壁市,鹤壁,9,-0.1516948343210839,0.6968346197065901,不显著,-3.3347430642220495,3,,0,,0,
全省汇总,全省汇总,162,-0.3092711491189476,6.214278240585139e-05,显著,0.46403923647676687,37,1.4510104564957413,9,,0,全部市-年观测合并
