行,列,经度,纬度,起始月份,结束月份,持续月数,累积强度
0,13,113.75,36.25,2024-05,2024-05,1,1.4891
0,13,113.75,36.25,2025-04,2025-04,1,2.365
0,14,114.0,36.25,2016-04,2016-04,1,1.3381
0,14,114.0,36.25,2024-05,2024-05,1,1.6427
0,14,114.0,36.25,2025-04,2025-04,1,1.6438
0,15,114.25,36.25,2016-04,2016-04,1,1.2496
0,15,114.25,36.25,2024-05,2024-05,1,1.6778
0,15,114.25,36.25,2025-04,2025-04,1,1.1534
1,13,113.75,36.0,2016-04,2016-04,1,1.0647
1,13,113.75,36.0,2024-05,2024-05,1,1.1629
1,13,113.75,36.0,2025-04,2025-04,1,2.2248
1,14,114.0,36.0,2016-04,2016-04,1,1.4024
1,14,114.0,36.0,2019-05,2019-05,1,1.0512
1,14,114.0,36.0,2024-05,2024-05,1,1.5108
1,14,114.0,36.0,2025-04,2025-04,1,1.5608
1,15,114.25,36.0,2016-04,2016-04,1,1.185
1,15,114.25,36.0,2019-05,2019-05,1,1.099
1,15,114.25,36.0,2024-05,2024-05,1,1.5343
1,15,114.25,36.0,2025-04,2025-04,1,1.0498
1,16,114.5,36.0,2019-05,2019-05,1,1.1427
1,16,114.5,36.0,2024-05,2024-05,1,1.5905
1,17,114.75,36.0,2019-05,2019-05,1,1.2699
1,17,114.75,36.0,2022-04,2022-04,1,1.1471
1,17,114.75,36.0,2024-04,2024-05,2,2.69
1,18,115.0,36.0,2019-05,2019-05,1,1.3501
1,18,115.0,36.0,2022-04,2022-04,1,1.1637
1,18,115.0,36.0,2024-04,2024-05,2,2.7403
1,19,115.25,36.0,2019-05,2019-05,1,1.5693
1,19,115.25,36.0,2022-04,2022-04,1,1.2766
1,19,115.25,36.0,2024-04,2024-05,2,2.655
1,22,116.0,36.0,2019-05,2019-05,1,1.3662
1,22,116.0,36.0,2024-04,2024-04,1,2.2773
1,22,116.0,36.0,2025-05,2025-05,1,1.3348
2,13,113.75,35.75,2016-04,2016-04,1,1.1626
2,13,113.75,35.75,2019-05,2019-05,1,1.0248
2,13,113.75,35.75,2025-04,2025-04,1,2.0601
2,14,114.0,35.75,2016-04,2016-04,1,1.4151
2,14,114.0,35.75,2019-05,2019-05,1,1.2589
2,14,114.0,35.75,2024-05,2024-05,1,1.1867
2,14,114.0,35.75,2025-04,2025-04,1,1.3955
2,15,114.25,35.75,2019-05,2019-05,1,1.1195
2,15,114.25,35.75,2021-05,2021-05,1,1.0106
2,15,114.25,35.75,2024-05,2024-05,1,1.2494
2,16,114.5,35.75,2019-05,2019-05,1,1.2931
2,16,114.5,35.75,2022-04,2022-04,1,1.0924
2,16,114.5,35.75,2024-05,2024-05,1,1.2598
2,17,114.75,35.75,2019-05,2019-05,1,1.4421
2,17,114.75,35.75,2022-04,2022-04,1,1.195
2,17,114.75,35.75,2024-04,2024-05,2,2.306
2,18,115.0,35.75,2019-05,2019-05,1,1.4199
2,18,115.0,35.75,2022-04,2022-04,1,1.3214
2,18,115.0,35.75,2024-04,2024-05,2,2.3683
2,19,115.25,35.75,2019-05,2019-05,1,1.4268
2,19,115.25,35.75,2022-04,2022-04,1,1.2763
2,19,115.25,35.75,2024-04,2024-04,1,1.56
2,20,115.5,35.75,2019-05,2019-05,1,1.4212
2,20,115.5,35.75,2024-04,2024-04,1,1.7367
3,12,113.5,35.5,2016-04,2016-04,1,1.0716
3,12,113.5,35.5,2025-04,2025-04,1,1.4642
3,13,113.75,35.5,2016-04,2016-04,1,1.2099
3,13,113.75,35.5,2021-05,2021-05,1,1.0051
3,13,113.75,35.5,2025-04,2025-04,1,1.5629
3,14,114.0,35.5,2016-04,2016-04,1,1.0193
3,14,114.0,35.5,2019-05,2019-05,1,1.1654
3,14,114.0,35.5,2021-05,2021-05,1,1.0265
3,14,114.0,35.5,2025-04,2025-04,1,1.0853
3,15,114.25,35.5,2019-05,2019-05,1,1.1906
3,15,114.25,35.5,2022-04,2022-04,1,1.1727
3,16,114.5,35.5,2019-05,2019-05,1,1.3325
3,16,114.5,35.5,2022-04,2022-04,1,1.2486
3,16,114.5,35.5,2024-04,2024-04,1,1.078
3,17,114.75,35.5,2019-05,2019-05,1,1.4217
3,17,114.75,35.5,2022-04,2022-04,1,1.173
3,17,114.75,35.5,2024-04,2024-04,1,1.2752
3,18,115.0,35.5,2019-05,2019-05,1,1.3944
3,18,115.0,35.5,2022-04,2022-04,1,1.2108
3,18,115.0,35.5,2024-04,2024-04,1,1.304
3,19,115.25,35.5,2019-05,2019-05,1,1.3211
3,19,115.25,35.5,2024-04,2024-04,1,1.3904
4,10,113.0,35.25,2019-05,2019-05,1,1.0522
4,10,113.0,35.25,2025-04,2025-04,1,1.519
4,11,113.25,35.25,2025-04,2025-04,1,1.8268
4,12,113.5,35.25,2021-05,2021-05,1,1.0951
4,12,113.5,35.25,2025-04,2025-04,1,1.8282
4,13,113.75,35.25,2019-05,2019-05,1,1.1116
4,13,113.75,35.25,2021-05,2021-05,1,1.0394
4,13,113.75,35.25,2022-04,2022-04,1,1.2248
4,13,113.75,35.25,2025-04,2025-04,1,1.6187
4,14,114.0,35.25,2019-05,2019-05,1,1.2975
4,14,114.0,35.25,2021-05,2021-05,1,1.0221
4,14,114.0,35.25,2022-04,2022-04,1,1.4152
4,15,114.25,35.25,2019-05,2019-05,1,1.1516
4,15,114.25,35.25,2022-04,2022-04,1,1.4248
4,16,114.5,35.25,2019-05,2019-05,1,1.2137
4,16,114.5,35.25,2022-04,2022-04,1,1.3093
4,16,114.5,35.25,2024-04,2024-04,1,1.2623
4,17,114.75,35.25,2019-05,2019-05,1,1.2818
4,17,114.75,35.25,2022-04,2022-04,1,1.1276
4,17,114.75,35.25,2024-04,2024-04,1,1.4239
5,5,111.75,35.0,2019-05,2019-05,1,1.1444
5,5,111.75,35.0,2025-04,2025-05,2,3.7953
5,6,112.0,35.0,2019-05,2019-05,1,1.0555
5,6,112.0,35.0,2025-04,2025-05,2,4.1332
5,7,112.25,35.0,2022-04,2022-04,1,1.1557
5,7,112.25,35.0,2025-04,2025-05,2,3.3588
5,8,112.5,35.0,2022-04,2022-04,1,1.555
5,8,112.5,35.0,2025-04,2025-05,2,2.7832
5,9,112.75,35.0,2022-04,2022-04,1,1.62
5,9,112.75,35.0,2025-04,2025-04,1,1.4468
5,10,113.0,35.0,2019-05,2019-05,1,1.5144
5,10,113.0,35.0,2022-04,2022-04,1,1.2954
5,10,113.0,35.0,2025-04,2025-04,1,1.1533
5,11,113.25,35.0,2019-05,2019-05,1,1.3543
5,11,113.25,35.0,2022-04,2022-04,1,1.0879
5,11,113.25,35.0,2025-04,2025-04,1,1.401
5,12,113.5,35.0,2019-05,2019-05,1,1.1843
5,12,113.5,35.0,2022-04,2022-04,1,1.3005
5,12,113.5,35.0,2025-04,2025-04,1,1.6534
5,13,113.75,35.0,2019-05,2019-05,1,1.0854
5,13,113.75,35.0,2022-04,2022-04,1,1.4527
5,13,113.75,35.0,2025-04,2025-04,1,1.712
5,14,114.0,35.0,2019-05,2019-05,1,1.2116
5,14,114.0,35.0,2022-04,2022-04,1,1.1674
5,14,114.0,35.0,2025-04,2025-04,1,1.4366
5,15,114.25,35.0,2019-05,2019-05,1,1.1889
5,15,114.25,35.0,2024-04,2024-04,1,1.122
5,15,114.25,35.0,2025-04,2025-04,1,1.2027
5,16,114.5,35.0,2019-05,2019-05,1,1.1603
5,16,114.5,35.0,2024-04,2024-04,1,1.4439
5,17,114.75,35.0,2019-05,2019-05,1,1.1596
5,17,114.75,35.0,2024-04,2024-04,1,1.5179
6,3,111.25,34.75,2019-05,2019-05,1,1.387
6,3,111.25,34.75,2025-04,2025-05,2,3.285
6,4,111.5,34.75,2019-05,2019-05,1,1.3517
6,4,111.5,34.75,2025-04,2025-05,2,3.2991
6,5,111.75,34.75,2019-05,2019-05,1,1.2802
6,5,111.75,34.75,2025-04,2025-05,2,3.4419
6,6,112.0,34.75,2019-05,2019-05,1,1.1803
6,6,112.0,34.75,2025-04,2025-05,2,3.6634
6,7,112.25,34.75,2019-05,2019-05,1,1.1099
6,7,112.25,34.75,2022-04,2022-04,1,1.4468
6,7,112.25,34.75,2025-04,2025-05,2,3.0492
6,8,112.5,34.75,2019-05,2019-05,1,1.111
6,8,112.5,34.75,2022-04,2022-04,1,1.566
6,8,112.5,34.75,2025-04,2025-04,1,1.7286
6,9,112.75,34.75,2019-05,2019-05,1,1.2085
6,9,112.75,34.75,2022-04,2022-04,1,1.3227
6,9,112.75,34.75,2025-04,2025-04,1,1.813
6,10,113.0,34.75,2019-05,2019-05,1,1.2871
6,10,113.0,34.75,2022-04,2022-04,1,1.2706
6,10,113.0,34.75,2025-04,2025-04,1,1.6791
6,11,113.25,34.75,2019-05,2019-05,1,1.331
6,11,113.25,34.75,2022-04,2022-04,1,1.6639
6,11,113.25,34.75,2025-04,2025-04,1,1.4962
6,12,113.5,34.75,2019-05,2019-05,1,1.194
6,12,113.5,34.75,2022-04,2022-04,1,1.7736
6,12,113.5,34.75,2025-04,2025-04,1,1.5069
6,13,113.75,34.75,2019-05,2019-05,1,1.0799
6,13,113.75,34.75,2022-04,2022-04,1,1.6629
6,13,113.75,34.75,2025-04,2025-04,1,1.5997
6,14,114.0,34.75,2019-05,2019-05,1,1.0899
6,14,114.0,34.75,2022-04,2022-04,1,1.266
6,14,114.0,34.75,2025-04,2025-04,1,1.5235
6,15,114.25,34.75,2022-04,2022-04,1,1.0145
6,15,114.25,34.75,2025-04,2025-04,1,1.2815
6,16,114.5,34.75,2024-04,2024-04,1,1.2544
6,16,114.5,34.75,2025-04,2025-04,1,1.1056
6,17,114.75,34.75,2019-05,2019-05,1,1.0256
6,17,114.75,34.75,2024-04,2024-04,1,1.4016
6,17,114.75,34.75,2025-04,2025-04,1,1.0791
6,18,115.0,34.75,2019-05,2019-05,1,1.0847
6,18,115.0,34.75,2022-04,2022-05,2,2.0693
6,18,115.0,34.75,2024-04,2024-04,1,1.3687
6,18,115.0,34.75,2025-04,2025-04,1,1.1937
6,19,115.25,34.75,2019-05,2019-05,1,1.0019
6,19,115.25,34.75,2022-05,2022-05,1,1.0543
6,19,115.25,34.75,2024-04,2024-04,1,1.2891
6,19,115.25,34.75,2025-04,2025-04,1,1.2607
7,0,110.5,34.5,2019-04,2019-04,1,1.0717
7,0,110.5,34.5,2025-04,2025-05,2,3.7398
7,1,110.75,34.5,2019-04,2019-05,2,2.0421
7,1,110.75,34.5,2025-04,2025-05,2,3.6862
7,2,111.0,34.5,2019-05,2019-05,1,1.109
7,2,111.0,34.5,2025-04,2025-05,2,3.6269
7,3,111.25,34.5,2025-04,2025-05,2,3.7258
7,4,111.5,34.5,2019-05,2019-05,1,1.015
7,4,111.5,34.5,2022-04,2022-04,1,1.0438
7,4,111.5,34.5,2025-04,2025-05,2,3.6604
7,5,111.75,34.5,2019-05,2019-05,1,1.0976
7,5,111.75,34.5,2022-04,2022-04,1,1.1739
7,5,111.75,34.5,2025-04,2025-05,2,3.5008
7,6,112.0,34.5,2019-05,2019-05,1,1.0783
7,6,112.0,34.5,2025-04,2025-05,2,3.6398
7,7,112.25,34.5,2019-05,2019-05,1,1.1911
7,7,112.25,34.5,2025-04,2025-05,2,3.4551
7,8,112.5,34.5,2019-05,2019-05,1,1.1855
7,8,112.5,34.5,2025-04,2025-05,2,3.0398
7,9,112.75,34.5,2019-05,2019-05,1,1.1813
7,9,112.75,34.5,2020-04,2020-04,1,1.2698
7,9,112.75,34.5,2025-04,2025-04,1,1.7748
7,10,113.0,34.5,2019-05,2019-05,1,1.1146
7,10,113.0,34.5,2025-04,2025-05,2,3.2366
7,11,113.25,34.5,2019-05,2019-05,1,1.197
7,11,113.25,34.5,2025-04,2025-05,2,2.9777
7,12,113.5,34.5,2019-04,2019-05,2,2.1151
7,12,113.5,34.5,2022-04,2022-04,1,1.0179
7,12,113.5,34.5,2025-04,2025-04,1,1.8287
7,13,113.75,34.5,2019-05,2019-05,1,1.0001
7,13,113.75,34.5,2022-04,2022-04,1,1.4838
7,13,113.75,34.5,2025-04,2025-04,1,1.4862
7,14,114.0,34.5,2022-04,2022-04,1,1.6041
7,14,114.0,34.5,2025-04,2025-04,1,1.4359
7,15,114.25,34.5,2022-04,2022-04,1,1.2363
7,15,114.25,34.5,2025-04,2025-04,1,1.2431
7,16,114.5,34.5,2019-05,2019-05,1,1.0121
7,16,114.5,34.5,2022-04,2022-04,1,1.1518
7,16,114.5,34.5,2024-04,2024-04,1,1.1981
7,16,114.5,34.5,2025-04,2025-04,1,1.1201
7,17,114.75,34.5,2019-05,2019-05,1,1.0576
7,17,114.75,34.5,2022-04,2022-05,2,2.2257
7,17,114.75,34.5,2024-04,2024-04,1,1.3646
7,17,114.75,34.5,2025-04,2025-04,1,1.0877
7,18,115.0,34.5,2022-04,2022-05,2,2.3906
7,18,115.0,34.5,2024-04,2024-05,2,2.5453
7,18,115.0,34.5,2025-04,2025-04,1,1.1878
7,19,115.25,34.5,2022-04,2022-05,2,2.4917
7,19,115.25,34.5,2024-04,2024-05,2,2.5214
7,19,115.25,34.5,2025-04,2025-04,1,1.2586
7,20,115.5,34.5,2022-04,2022-05,2,2.4888
7,20,115.5,34.5,2024-04,2024-05,2,2.4575
7,20,115.5,34.5,2025-04,2025-04,1,1.3422
7,21,115.75,34.5,2022-04,2022-05,2,2.4692
7,21,115.75,34.5,2024-04,2024-05,2,2.2151
7,21,115.75,34.5,2025-04,2025-04,1,1.4137
7,22,116.0,34.5,2022-04,2022-05,2,2.3135
7,22,116.0,34.5,2024-05,2024-05,1,1.1312
7,22,116.0,34.5,2025-04,2025-04,1,1.3562
8,0,110.5,34.25,2025-04,2025-05,2,4.1488
8,1,110.75,34.25,2019-04,2019-04,1,1.036
8,1,110.75,34.25,2025-04,2025-05,2,3.9671
8,2,111.0,34.25,2025-04,2025-05,2,3.8388
8,3,111.25,34.25,2025-04,2025-05,2,3.9147
8,4,111.5,34.25,2019-05,2019-05,1,1.0907
8,4,111.5,34.25,2022-04,2022-04,1,1.1113
8,4,111.5,34.25,2025-04,2025-05,2,3.8192
8,5,111.75,34.25,2019-05,2019-05,1,1.1227
8,5,111.75,34.25,2022-04,2022-04,1,1.0389
8,5,111.75,34.25,2025-04,2025-05,2,3.6495
8,6,112.0,34.25,2019-05,2019-05,1,1.0501
8,6,112.0,34.25,2025-04,2025-05,2,3.7003
8,7,112.25,34.25,2019-05,2019-05,1,1.1439
8,7,112.25,34.25,2025-04,2025-05,2,3.8626
8,8,112.5,34.25,2019-05,2019-05,1,1.2609
8,8,112.5,34.25,2025-04,2025-05,2,3.7185
8,9,112.75,34.25,2019-05,2019-05,1,1.1517
8,9,112.75,34.25,2025-04,2025-05,2,3.2226
8,10,113.0,34.25,2019-04,2019-05,2,2.117
8,10,113.0,34.25,2025-04,2025-05,2,3.1881
8,11,113.25,34.25,2019-04,2019-05,2,2.3342
8,11,113.25,34.25,2022-04,2022-04,1,1.0772
8,11,113.25,34.25,2025-04,2025-05,2,2.8538
8,12,113.5,34.25,2019-04,2019-05,2,2.432
8,12,113.5,34.25,2022-04,2022-04,1,1.3157
8,12,113.5,34.25,2025-04,2025-04,1,1.4563
8,13,113.75,34.25,2019-04,2019-05,2,2.1684
8,13,113.75,34.25,2022-04,2022-04,1,1.5469
8,13,113.75,34.25,2025-04,2025-04,1,1.2016
8,14,114.0,34.25,2019-05,2019-05,1,1.1352
8,14,114.0,34.25,2022-04,2022-04,1,1.6871
8,14,114.0,34.25,2025-04,2025-04,1,1.261
8,15,114.25,34.25,2019-05,2019-05,1,1.0411
8,15,114.25,34.25,2022-04,2022-05,2,2.4391
8,15,114.25,34.25,2025-04,2025-04,1,1.3061
8,16,114.5,34.25,2019-05,2019-05,1,1.0111
8,16,114.5,34.25,2022-04,2022-05,2,2.4835
8,16,114.5,34.25,2024-05,2024-05,1,1.0099
8,16,114.5,34.25,2025-04,2025-04,1,1.1399
8,17,114.75,34.25,2019-05,2019-05,1,1.0649
8,17,114.75,34.25,2022-04,2022-05,2,2.5642
8,17,114.75,34.25,2024-04,2024-05,2,2.1739
8,17,114.75,34.25,2025-04,2025-04,1,1.1142
8,18,115.0,34.25,2022-04,2022-05,2,2.6868
8,18,115.0,34.25,2024-04,2024-05,2,2.3577
8,18,115.0,34.25,2025-04,2025-04,1,1.1742
8,19,115.25,34.25,2022-04,2022-05,2,2.8119
8,19,115.25,34.25,2024-04,2024-05,2,2.3712
8,19,115.25,34.25,2025-04,2025-04,1,1.2144
8,20,115.5,34.25,2022-04,2022-05,2,2.7659
8,20,115.5,34.25,2024-05,2024-05,1,1.346
8,20,115.5,34.25,2025-04,2025-04,1,1.3709
8,21,115.75,34.25,2022-04,2022-05,2,2.691
8,21,115.75,34.25,2024-05,2024-05,1,1.3379
8,21,115.75,34.25,2025-04,2025-04,1,1.4269
8,22,116.0,34.25,2022-04,2022-05,2,2.4205
8,22,116.0,34.25,2024-05,2024-05,1,1.2611
8,22,116.0,34.25,2025-04,2025-04,1,1.3767
8,23,116.25,34.25,2022-04,2022-05,2,2.3323
8,23,116.25,34.25,2024-05,2024-05,1,1.1789
8,23,116.25,34.25,2025-04,2025-04,1,1.1266
8,24,116.5,34.25,2022-04,2022-05,2,2.3437
8,24,116.5,34.25,2024-05,2024-05,1,1.1719
8,24,116.5,34.25,2025-04,2025-04,1,1.2111
9,1,110.75,34.0,2020-05,2020-05,1,1.0145
9,1,110.75,34.0,2025-04,2025-05,2,4.0223
9,2,111.0,34.0,2020-05,2020-05,1,1.1277
9,2,111.0,34.0,2025-04,2025-05,2,3.7916
9,3,111.25,34.0,2025-04,2025-05,2,3.856
9,4,111.5,34.0,2025-04,2025-05,2,3.7423
9,5,111.75,34.0,2019-05,2019-05,1,1.1421
9,5,111.75,34.0,2025-04,2025-05,2,3.6837
9,6,112.0,34.0,2019-05,2019-05,1,1.0299
9,6,112.0,34.0,2025-04,2025-05,2,3.6739
9,7,112.25,34.0,2019-05,2019-05,1,1.0824
9,7,112.25,34.0,2025-04,2025-05,2,3.9177
9,8,112.5,34.0,2019-05,2019-05,1,1.1928
9,8,112.5,34.0,2025-04,2025-05,2,3.6247
9,9,112.75,34.0,2019-05,2019-05,1,1.1836
9,9,112.75,34.0,2025-04,2025-05,2,3.3885
9,10,113.0,34.0,2019-05,2019-05,1,1.0806
9,10,113.0,34.0,2025-04,2025-05,2,3.126
9,11,113.25,34.0,2019-04,2019-05,2,2.3071
9,11,113.25,34.0,2022-04,2022-04,1,1.1721
9,11,113.25,34.0,2025-04,2025-04,1,1.7719
9,12,113.5,34.0,2019-04,2019-05,2,2.3586
9,12,113.5,34.0,2022-04,2022-04,1,1.4664
9,12,113.5,34.0,2025-04,2025-04,1,1.3189
9,13,113.75,34.0,2019-04,2019-05,2,2.2108
9,13,113.75,34.0,2022-04,2022-05,2,2.675
9,13,113.75,34.0,2025-04,2025-04,1,1.2111
9,14,114.0,34.0,2019-05,2019-05,1,1.1822
9,14,114.0,34.0,2022-04,2022-05,2,2.5942
9,14,114.0,34.0,2025-04,2025-04,1,1.304
9,15,114.25,34.0,2019-05,2019-05,1,1.1878
9,15,114.25,34.0,2022-04,2022-04,1,1.3946
9,15,114.25,34.0,2025-04,2025-04,1,1.3273
9,16,114.5,34.0,2019-05,2019-05,1,1.1078
9,16,114.5,34.0,2022-04,2022-05,2,2.5164
9,16,114.5,34.0,2024-05,2024-05,1,1.0636
9,16,114.5,34.0,2025-04,2025-04,1,1.262
9,17,114.75,34.0,2019-05,2019-05,1,1.1047
9,17,114.75,34.0,2022-04,2022-05,2,2.5797
9,17,114.75,34.0,2024-05,2024-05,1,1.1264
9,17,114.75,34.0,2025-04,2025-04,1,1.2574
9,18,115.0,34.0,2019-05,2019-05,1,1.0441
9,18,115.0,34.0,2022-04,2022-05,2,2.6655
9,18,115.0,34.0,2024-05,2024-05,1,1.2258
9,18,115.0,34.0,2025-04,2025-04,1,1.3136
9,19,115.25,34.0,2022-04,2022-05,2,2.7621
9,19,115.25,34.0,2024-05,2024-05,1,1.3232
9,19,115.25,34.0,2025-04,2025-04,1,1.3421
9,20,115.5,34.0,2022-04,2022-05,2,2.7085
9,20,115.5,34.0,2024-05,2024-05,1,1.351
9,20,115.5,34.0,2025-04,2025-04,1,1.4982
9,22,116.0,34.0,2022-04,2022-05,2,2.3272
9,22,116.0,34.0,2024-05,2024-05,1,1.4179
9,22,116.0,34.0,2025-04,2025-04,1,1.6167
9,23,116.25,34.0,2022-04,2022-05,2,2.1875
9,23,116.25,34.0,2024-05,2024-05,1,1.3488
9,23,116.25,34.0,2025-04,2025-04,1,1.5866
9,24,116.5,34.0,2022-04,2022-05,2,2.1584
9,24,116.5,34.0,2024-05,2024-05,1,1.3131
9,24,116.5,34.0,2025-04,2025-04,1,1.7122
10,2,111.0,33.75,2020-05,2020-05,1,1.1976
10,2,111.0,33.75,2025-04,2025-05,2,3.6425
10,3,111.25,33.75,2020-05,2020-05,1,1.0855
10,3,111.25,33.75,2025-04,2025-05,2,3.6796
10,4,111.5,33.75,2019-05,2019-05,1,1.0047
10,4,111.5,33.75,2020-05,2020-05,1,1.0559
10,4,111.5,33.75,2025-04,2025-05,2,3.5024
10,5,111.75,33.75,2019-05,2019-05,1,1.1716
10,5,111.75,33.75,2025-04,2025-05,2,3.4829
10,6,112.0,33.75,2019-05,2019-05,1,1.1073
10,6,112.0,33.75,2020-04,2020-04,1,1.0
10,6,112.0,33.75,2025-04,2025-05,2,3.2915
10,7,112.25,33.75,2019-05,2019-05,1,1.067
10,7,112.25,33.75,2025-04,2025-05,2,3.6563
10,8,112.5,33.75,2019-05,2019-05,1,1.1691
10,8,112.5,33.75,2025-04,2025-05,2,3.3204
10,9,112.75,33.75,2019-05,2019-05,1,1.2654
10,9,112.75,33.75,2025-04,2025-05,2,3.3549
10,10,113.0,33.75,2019-05,2019-05,1,1.2068
10,10,113.0,33.75,2025-04,2025-05,2,3.1651
10,11,113.25,33.75,2019-05,2019-05,1,1.2272
10,11,113.25,33.75,2025-04,2025-04,1,1.7368
10,12,113.5,33.75,2019-05,2019-05,1,1.1661
10,12,113.5,33.75,2025-04,2025-04,1,1.4416
10,13,113.75,33.75,2019-05,2019-05,1,1.1725
10,13,113.75,33.75,2022-04,2022-04,1,1.1313
10,13,113.75,33.75,2025-04,2025-04,1,1.3472
10,14,114.0,33.75,2019-05,2019-05,1,1.1972
10,14,114.0,33.75,2022-04,2022-04,1,1.2355
10,14,114.0,33.75,2025-04,2025-04,1,1.3554
10,15,114.25,33.75,2019-05,2019-05,1,1.2608
10,15,114.25,33.75,2022-04,2022-04,1,1.1514
10,15,114.25,33.75,2025-04,2025-04,1,1.3324
10,16,114.5,33.75,2019-05,2019-05,1,1.155
10,16,114.5,33.75,2022-04,2022-04,1,1.3017
10,16,114.5,33.75,2024-05,2024-05,1,1.049
10,16,114.5,33.75,2025-04,2025-04,1,1.3978
10,17,114.75,33.75,2019-05,2019-05,1,1.1234
10,17,114.75,33.75,2022-04,2022-05,2,2.3645
10,17,114.75,33.75,2024-05,2024-05,1,1.1995
10,17,114.75,33.75,2025-04,2025-04,1,1.5264
10,18,115.0,33.75,2019-05,2019-05,1,1.0505
10,18,115.0,33.75,2022-04,2022-05,2,2.4358
10,18,115.0,33.75,2024-05,2024-05,1,1.2881
10,18,115.0,33.75,2025-04,2025-04,1,1.5648
10,19,115.25,33.75,2022-04,2022-05,2,2.4932
10,19,115.25,33.75,2024-05,2024-05,1,1.345
10,19,115.25,33.75,2025-04,2025-04,1,1.6244
10,20,115.5,33.75,2022-04,2022-05,2,2.5275
10,20,115.5,33.75,2024-05,2024-05,1,1.3659
10,20,115.5,33.75,2025-04,2025-04,1,1.7423
10,23,116.25,33.75,2022-05,2022-05,1,1.005
10,23,116.25,33.75,2024-05,2024-05,1,1.4295
10,23,116.25,33.75,2025-04,2025-04,1,2.009
11,3,111.25,33.5,2025-04,2025-05,2,3.5713
11,4,111.5,33.5,2019-05,2019-05,1,1.0536
11,4,111.5,33.5,2020-04,2020-04,1,1.0055
11,4,111.5,33.5,2025-04,2025-05,2,3.4359
11,5,111.75,33.5,2019-05,2019-05,1,1.0857
11,5,111.75,33.5,2020-04,2020-04,1,1.251
11,5,111.75,33.5,2025-04,2025-05,2,3.1035
11,6,112.0,33.5,2019-05,2019-05,1,1.0858
11,6,112.0,33.5,2020-04,2020-04,1,1.2245
11,6,112.0,33.5,2025-04,2025-05,2,2.8023
11,7,112.25,33.5,2019-05,2019-05,1,1.023
11,7,112.25,33.5,2020-04,2020-04,1,1.2632
11,7,112.25,33.5,2025-04,2025-05,2,3.0835
11,8,112.5,33.5,2019-05,2019-05,1,1.118
11,8,112.5,33.5,2020-04,2020-05,2,2.3745
11,8,112.5,33.5,2025-04,2025-05,2,3.2294
11,9,112.75,33.5,2019-05,2019-05,1,1.2184
11,9,112.75,33.5,2020-05,2020-05,1,1.1011
11,9,112.75,33.5,2025-04,2025-05,2,3.3195
11,10,113.0,33.5,2019-05,2019-05,1,1.3125
11,10,113.0,33.5,2020-05,2020-05,1,1.0468
11,10,113.0,33.5,2025-04,2025-05,2,3.1399
11,11,113.25,33.5,2019-05,2019-05,1,1.2498
11,11,113.25,33.5,2025-04,2025-04,1,1.8362
11,12,113.5,33.5,2019-05,2019-05,1,1.1059
11,12,113.5,33.5,2020-05,2020-05,1,1.0377
11,12,113.5,33.5,2025-04,2025-04,1,1.6189
11,13,113.75,33.5,2019-05,2019-05,1,1.1864
11,13,113.75,33.5,2020-05,2020-05,1,1.0373
11,13,113.75,33.5,2025-04,2025-04,1,1.4584
11,14,114.0,33.5,2019-05,2019-05,1,1.2141
11,14,114.0,33.5,2020-05,2020-05,1,1.0153
11,14,114.0,33.5,2024-05,2024-05,1,1.0005
11,14,114.0,33.5,2025-04,2025-04,1,1.4775
11,15,114.25,33.5,2019-05,2019-05,1,1.2642
11,15,114.25,33.5,2020-05,2020-05,1,1.0015
11,15,114.25,33.5,2024-05,2024-05,1,1.1024
11,15,114.25,33.5,2025-04,2025-04,1,1.4156
11,16,114.5,33.5,2019-05,2019-05,1,1.1454
11,16,114.5,33.5,2024-05,2024-05,1,1.1211
11,16,114.5,33.5,2025-04,2025-04,1,1.5032
11,17,114.75,33.5,2019-05,2019-05,1,1.1523
11,17,114.75,33.5,2024-05,2024-05,1,1.2744
11,17,114.75,33.5,2025-04,2025-04,1,1.6667
11,18,115.0,33.5,2019-05,2019-05,1,1.0948
11,18,115.0,33.5,2022-05,2022-05,1,1.1
11,18,115.0,33.5,2024-05,2024-05,1,1.3074
11,18,115.0,33.5,2025-04,2025-04,1,1.8
11,19,115.25,33.5,2022-05,2022-05,1,1.1507
11,19,115.25,33.5,2024-05,2024-05,1,1.3795
11,19,115.25,33.5,2025-04,2025-04,1,1.8814
12,2,111.0,33.25,2020-05,2020-05,1,1.1661
12,2,111.0,33.25,2025-04,2025-05,2,3.5067
12,3,111.25,33.25,2025-04,2025-05,2,3.4866
12,4,111.5,33.25,2025-04,2025-05,2,3.4031
12,5,111.75,33.25,2020-05,2020-05,1,1.0593
12,5,111.75,33.25,2025-04,2025-05,2,3.1896
12,6,112.0,33.25,2025-04,2025-05,2,2.9564
12,7,112.25,33.25,2020-04,2020-05,2,2.1249
12,7,112.25,33.25,2025-04,2025-04,1,1.822
12,8,112.5,33.25,2019-05,2019-05,1,1.0793
12,8,112.5,33.25,2020-04,2020-05,2,2.3676
12,8,112.5,33.25,2025-04,2025-04,1,1.9162
12,9,112.75,33.25,2019-05,2019-05,1,1.2308
12,9,112.75,33.25,2020-04,2020-05,2,2.2454
12,9,112.75,33.25,2025-04,2025-04,1,1.9695
12,10,113.0,33.25,2019-05,2019-05,1,1.3157
12,10,113.0,33.25,2020-04,2020-05,2,2.0725
12,10,113.0,33.25,2025-04,2025-04,1,1.8272
12,11,113.25,33.25,2019-05,2019-05,1,1.0695
12,11,113.25,33.25,2020-05,2020-05,1,1.2815
12,11,113.25,33.25,2025-04,2025-04,1,2.0016
12,12,113.5,33.25,2019-05,2019-05,1,1.2547
12,12,113.5,33.25,2020-05,2020-05,1,1.2482
12,12,113.5,33.25,2025-04,2025-04,1,1.7336
12,13,113.75,33.25,2019-05,2019-05,1,1.3123
12,13,113.75,33.25,2020-05,2020-05,1,1.259
12,13,113.75,33.25,2025-04,2025-04,1,1.5794
12,14,114.0,33.25,2019-05,2019-05,1,1.2387
12,14,114.0,33.25,2020-05,2020-05,1,1.3439
12,14,114.0,33.25,2024-05,2024-05,1,1.0931
12,14,114.0,33.25,2025-04,2025-04,1,1.5927
12,15,114.25,33.25,2019-05,2019-05,1,1.3068
12,15,114.25,33.25,2020-05,2020-05,1,1.3284
12,15,114.25,33.25,2024-05,2024-05,1,1.185
12,15,114.25,33.25,2025-04,2025-04,1,1.6175
12,16,114.5,33.25,2019-05,2019-05,1,1.2204
12,16,114.5,33.25,2020-04,2020-05,2,2.3126
12,16,114.5,33.25,2024-05,2024-05,1,1.2756
12,16,114.5,33.25,2025-04,2025-04,1,1.6142
12,17,114.75,33.25,2019-05,2019-05,1,1.155
12,17,114.75,33.25,2020-04,2020-05,2,2.3305
12,17,114.75,33.25,2024-05,2024-05,1,1.2818
12,17,114.75,33.25,2025-04,2025-04,1,1.7816
12,18,115.0,33.25,2019-05,2019-05,1,1.0993
12,18,115.0,33.25,2020-04,2020-05,2,2.1583
12,18,115.0,33.25,2024-05,2024-05,1,1.2951
12,18,115.0,33.25,2025-04,2025-04,1,1.9288
12,19,115.25,33.25,2019-05,2019-05,1,1.0729
12,19,115.25,33.25,2022-05,2022-05,1,1.0748
12,19,115.25,33.25,2024-05,2024-05,1,1.2638
12,19,115.25,33.25,2025-04,2025-04,1,1.948
13,4,111.5,33.0,2019-05,2019-05,1,1.2481
13,4,111.5,33.0,2020-05,2020-05,1,1.1403
13,4,111.5,33.0,2025-04,2025-05,2,2.9374
13,5,111.75,33.0,2019-05,2019-05,1,1.2954
13,5,111.75,33.0,2020-05,2020-05,1,1.273
13,5,111.75,33.0,2025-04,2025-04,1,1.7305
13,6,112.0,33.0,2019-05,2019-05,1,1.3069
13,6,112.0,33.0,2020-05,2020-05,1,1.181
13,6,112.0,33.0,2025-04,2025-04,1,1.5188
13,7,112.25,33.0,2019-05,2019-05,1,1.2631
13,7,112.25,33.0,2020-04,2020-05,2,2.3404
13,7,112.25,33.0,2025-04,2025-04,1,1.5802
13,8,112.5,33.0,2019-05,2019-05,1,1.2541
13,8,112.5,33.0,2020-04,2020-05,2,2.4069
13,8,112.5,33.0,2025-04,2025-04,1,1.7479
13,9,112.75,33.0,2019-05,2019-05,1,1.2746
13,9,112.75,33.0,2020-04,2020-05,2,2.2931
13,9,112.75,33.0,2025-04,2025-04,1,1.8528
13,10,113.0,33.0,2019-05,2019-05,1,1.3292
13,10,113.0,33.0,2020-05,2020-05,1,1.2519
13,10,113.0,33.0,2025-04,2025-04,1,1.8174
13,11,113.25,33.0,2019-05,2019-05,1,1.3006
13,11,113.25,33.0,2020-05,2020-05,1,1.2841
13,11,113.25,33.0,2025-04,2025-04,1,1.9203
13,12,113.5,33.0,2019-05,2019-05,1,1.3539
13,12,113.5,33.0,2020-05,2020-05,1,1.3208
13,12,113.5,33.0,2025-04,2025-04,1,1.891
13,13,113.75,33.0,2019-05,2019-05,1,1.3946
13,13,113.75,33.0,2020-05,2020-05,1,1.359
13,13,113.75,33.0,2025-04,2025-04,1,1.73
13,14,114.0,33.0,2019-05,2019-05,1,1.352
13,14,114.0,33.0,2020-05,2020-05,1,1.4291
13,14,114.0,33.0,2025-04,2025-04,1,1.6508
13,15,114.25,33.0,2019-05,2019-05,1,1.1852
13,15,114.25,33.0,2020-04,2020-05,2,2.7122
13,15,114.25,33.0,2024-05,2024-05,1,1.1776
13,15,114.25,33.0,2025-04,2025-04,1,1.7228
13,16,114.5,33.0,2019-05,2019-05,1,1.0012
13,16,114.5,33.0,2020-04,2020-05,2,2.8557
13,16,114.5,33.0,2024-05,2024-05,1,1.2401
13,16,114.5,33.0,2025-04,2025-04,1,1.8036
13,17,114.75,33.0,2019-05,2019-05,1,1.016
13,17,114.75,33.0,2020-04,2020-05,2,2.7634
13,17,114.75,33.0,2024-05,2024-05,1,1.2581
13,17,114.75,33.0,2025-04,2025-04,1,1.8831
14,4,111.5,32.75,2020-05,2020-05,1,1.1591
14,4,111.5,32.75,2025-04,2025-05,2,3.2664
14,5,111.75,32.75,2019-05,2019-05,1,1.0044
14,5,111.75,32.75,2020-05,2020-05,1,1.421
14,5,111.75,32.75,2025-04,2025-04,1,1.9414
14,6,112.0,32.75,2019-05,2019-05,1,1.0351
14,6,112.0,32.75,2020-05,2020-05,1,1.5491
14,6,112.0,32.75,2025-04,2025-04,1,1.6793
14,7,112.25,32.75,2019-05,2019-05,1,1.0337
14,7,112.25,32.75,2020-05,2020-05,1,1.3893
14,7,112.25,32.75,2025-04,2025-04,1,1.6774
14,8,112.5,32.75,2019-05,2019-05,1,1.078
14,8,112.5,32.75,2020-05,2020-05,1,1.3262
14,8,112.5,32.75,2025-04,2025-04,1,1.6838
14,9,112.75,32.75,2019-05,2019-05,1,1.0393
14,9,112.75,32.75,2020-05,2020-05,1,1.3518
14,9,112.75,32.75,2025-04,2025-04,1,1.7203
14,10,113.0,32.75,2020-05,2020-05,1,1.4604
14,10,113.0,32.75,2024-05,2024-05,1,1.0316
14,10,113.0,32.75,2025-04,2025-04,1,1.8212
14,11,113.25,32.75,2020-05,2020-05,1,1.6859
14,11,113.25,32.75,2025-04,2025-04,1,1.9251
14,12,113.5,32.75,2019-05,2019-05,1,1.0731
14,12,113.5,32.75,2020-05,2020-05,1,1.7318
14,12,113.5,32.75,2025-04,2025-04,1,2.0374
14,13,113.75,32.75,2019-05,2019-05,1,1.1385
14,13,113.75,32.75,2020-05,2020-05,1,1.7483
14,13,113.75,32.75,2025-04,2025-04,1,1.9687
14,14,114.0,32.75,2019-05,2019-05,1,1.1522
14,14,114.0,32.75,2020-05,2020-05,1,1.7559
14,14,114.0,32.75,2025-04,2025-04,1,1.8119
14,15,114.25,32.75,2019-05,2019-05,1,1.1275
14,15,114.25,32.75,2020-04,2020-05,2,2.9398
14,15,114.25,32.75,2025-04,2025-04,1,1.6561
14,16,114.5,32.75,2019-05,2019-05,1,1.0171
14,16,114.5,32.75,2020-04,2020-05,2,2.7956
14,16,114.5,32.75,2025-04,2025-04,1,1.6911
14,17,114.75,32.75,2020-04,2020-05,2,2.7239
14,17,114.75,32.75,2025-04,2025-04,1,1.8047
14,18,115.0,32.75,2019-05,2019-05,1,1.015
14,18,115.0,32.75,2020-05,2020-05,1,1.6091
14,18,115.0,32.75,2025-04,2025-04,1,1.9002
15,6,112.0,32.5,2020-04,2020-05,2,2.4219
15,6,112.0,32.5,2024-05,2024-05,1,1.2999
15,6,112.0,32.5,2025-04,2025-04,1,1.8889
15,7,112.25,32.5,2019-05,2019-05,1,1.0302
15,7,112.25,32.5,2020-04,2020-05,2,2.5751
15,7,112.25,32.5,2025-04,2025-04,1,1.7415
15,8,112.5,32.5,2019-05,2019-05,1,1.1187
15,8,112.5,32.5,2020-04,2020-05,2,2.5625
15,8,112.5,32.5,2025-04,2025-04,1,1.7431
15,9,112.75,32.5,2019-05,2019-05,1,1.0765
15,9,112.75,32.5,2020-05,2020-05,1,1.5884
15,9,112.75,32.5,2025-04,2025-04,1,1.9123
15,10,113.0,32.5,2020-05,2020-05,1,1.7517
15,10,113.0,32.5,2024-05,2024-05,1,1.0021
15,10,113.0,32.5,2025-04,2025-04,1,2.1521
15,11,113.25,32.5,2019-05,2019-05,1,1.2725
15,11,113.25,32.5,2020-05,2020-05,1,1.816
15,11,113.25,32.5,2025-04,2025-04,1,2.1716
15,12,113.5,32.5,2019-05,2019-05,1,1.2628
15,12,113.5,32.5,2020-05,2020-05,1,1.7765
15,12,113.5,32.5,2025-04,2025-04,1,2.279
15,13,113.75,32.5,2019-05,2019-05,1,1.2074
15,13,113.75,32.5,2020-05,2020-05,1,1.7597
15,13,113.75,32.5,2025-04,2025-04,1,2.2088
15,14,114.0,32.5,2019-05,2019-05,1,1.0829
15,14,114.0,32.5,2020-05,2020-05,1,1.7487
15,14,114.0,32.5,2025-04,2025-04,1,2.014
15,15,114.25,32.5,2019-05,2019-05,1,1.0369
15,15,114.25,32.5,2020-05,2020-05,1,1.7138
15,15,114.25,32.5,2025-04,2025-04,1,1.9218
15,16,114.5,32.5,2020-05,2020-05,1,1.6272
15,16,114.5,32.5,2025-04,2025-04,1,2.1338
15,17,114.75,32.5,2020-05,2020-05,1,1.5556
15,17,114.75,32.5,2025-04,2025-04,1,2.0657
15,18,115.0,32.5,2020-05,2020-05,1,1.5855
15,18,115.0,32.5,2025-04,2025-04,1,2.0336
15,19,115.25,32.5,2020-05,2020-05,1,1.6793
15,19,115.25,32.5,2022-05,2022-05,1,1.0848
15,19,115.25,32.5,2025-04,2025-04,1,2.011
16,13,113.75,32.25,2019-05,2019-05,1,1.0549
16,13,113.75,32.25,2020-05,2020-05,1,1.7143
16,13,113.75,32.25,2025-04,2025-04,1,2.4117
16,14,114.0,32.25,2020-05,2020-05,1,1.6494
16,14,114.0,32.25,2022-05,2022-05,1,1.0546
16,14,114.0,32.25,2025-04,2025-04,1,2.308
16,15,114.25,32.25,2020-05,2020-05,1,1.6415
16,15,114.25,32.25,2022-05,2022-05,1,1.1005
16,15,114.25,32.25,2025-04,2025-04,1,2.1907
16,16,114.5,32.25,2020-05,2020-05,1,1.7096
16,16,114.5,32.25,2022-05,2022-05,1,1.0682
16,16,114.5,32.25,2025-04,2025-04,1,2.2729
16,17,114.75,32.25,2020-05,2020-05,1,1.6614
16,17,114.75,32.25,2022-05,2022-05,1,1.0946
16,17,114.75,32.25,2025-04,2025-04,1,2.1331
16,18,115.0,32.25,2020-05,2020-05,1,1.6313
16,18,115.0,32.25,2022-05,2022-05,1,1.172
16,18,115.0,32.25,2025-04,2025-04,1,1.9297
16,19,115.25,32.25,2020-05,2020-05,1,1.6231
16,19,115.25,32.25,2022-05,2022-05,1,1.2474
16,19,115.25,32.25,2025-04,2025-04,1,1.8731
16,20,115.5,32.25,2020-05,2020-05,1,1.4653
16,20,115.5,32.25,2022-05,2022-05,1,1.282
16,20,115.5,32.25,2023-04,2023-04,1,1.1588
16,20,115.5,32.25,2025-04,2025-04,1,1.6558
16,21,115.75,32.25,2020-05,2020-05,1,1.4389
16,21,115.75,32.25,2022-05,2022-05,1,1.2604
16,21,115.75,32.25,2023-04,2023-04,1,1.2758
16,21,115.75,32.25,2025-04,2025-04,1,1.4625
17,14,114.0,32.0,2020-05,2020-05,1,1.6074
17,14,114.0,32.0,2022-05,2022-05,1,1.3498
17,14,114.0,32.0,2025-04,2025-04,1,2.3649
17,15,114.25,32.0,2020-05,2020-05,1,1.589
17,15,114.25,32.0,2022-05,2022-05,1,1.3724
17,15,114.25,32.0,2025-04,2025-04,1,2.2806
17,16,114.5,32.0,2020-05,2020-05,1,1.7535
17,16,114.5,32.0,2022-05,2022-05,1,1.2099
17,16,114.5,32.0,2025-04,2025-04,1,2.2578
17,17,114.75,32.0,2020-05,2020-05,1,1.6997
17,17,114.75,32.0,2022-05,2022-05,1,1.3338
17,17,114.75,32.0,2025-04,2025-04,1,2.1084
17,18,115.0,32.0,2020-05,2020-05,1,1.6488
17,18,115.0,32.0,2022-05,2022-05,1,1.4108
17,18,115.0,32.0,2023-04,2023-04,1,1.0546
17,18,115.0,32.0,2025-04,2025-04,1,1.9028
17,19,115.25,32.0,2019-04,2019-04,1,1.0383
17,19,115.25,32.0,2020-05,2020-05,1,1.5396
17,19,115.25,32.0,2022-05,2022-05,1,1.4305
17,19,115.25,32.0,2025-04,2025-04,1,1.7279
17,20,115.5,32.0,2019-04,2019-04,1,1.1834
17,20,115.5,32.0,2020-05,2020-05,1,1.4845
17,20,115.5,32.0,2022-05,2022-05,1,1.4506
17,20,115.5,32.0,2023-04,2023-04,1,1.1011
17,20,115.5,32.0,2025-04,2025-04,1,1.5629
17,21,115.75,32.0,2019-04,2019-04,1,1.2075
17,21,115.75,32.0,2020-05,2020-05,1,1.4515
17,21,115.75,32.0,2022-05,2022-05,1,1.429
17,21,115.75,32.0,2023-04,2023-04,1,1.252
17,21,115.75,32.0,2025-04,2025-04,1,1.371
18,16,114.5,31.75,2020-05,2020-05,1,1.695
18,16,114.5,31.75,2022-05,2022-05,1,1.4788
18,16,114.5,31.75,2025-04,2025-04,1,2.2824
18,17,114.75,31.75,2020-05,2020-05,1,1.5921
18,17,114.75,31.75,2022-05,2022-05,1,1.6133
18,17,114.75,31.75,2025-04,2025-04,1,2.151
18,18,115.0,31.75,2020-05,2020-05,1,1.4932
18,18,115.0,31.75,2022-05,2022-05,1,1.679
18,18,115.0,31.75,2023-04,2023-04,1,1.2622
18,18,115.0,31.75,2025-04,2025-04,1,2.0145
18,19,115.25,31.75,2020-05,2020-05,1,1.427
18,19,115.25,31.75,2022-05,2022-05,1,1.665
18,19,115.25,31.75,2023-04,2023-04,1,1.2476
18,19,115.25,31.75,2025-04,2025-04,1,1.8682
18,20,115.5,31.75,2020-05,2020-05,1,1.4971
18,20,115.5,31.75,2022-05,2022-05,1,1.5192
18,20,115.5,31.75,2023-04,2023-04,1,1.2088
18,20,115.5,31.75,2025-04,2025-04,1,1.7537
19,18,115.0,31.5,2020-05,2020-05,1,1.3085
19,18,115.0,31.5,2022-05,2022-05,1,1.7692
19,18,115.0,31.5,2023-04,2023-04,1,1.0021
19,18,115.0,31.5,2025-04,2025-04,1,2.2577
19,19,115.25,31.5,2020-05,2020-05,1,1.3432
19,19,115.25,31.5,2022-05,2022-05,1,1.7674
19,19,115.25,31.5,2023-04,2023-04,1,1.2253
19,19,115.25,31.5,2025-04,2025-04,1,2.1558
